Category,Item,Calories,Total Fat,Cholesterol,Sodium,Carbohydrates,Dietary Fiber,Sugars,Protein,Vitamin A (% Daily Value),Vitamin C (% Daily Value),Calcium (% Daily Value),Iron (% Daily Value),Beef & Pork,Beverages,Breakfast,Chicken & Fish,Coffee & Tea,Desserts,Salads,Smoothies & Shakes,Snacks & Sides,Product
Breakfast,Egg McMuffin,510.0,33.0,250.0,1170.0,36.0,2.0,2.0,18.0,6.0,0.0,10.0,20.0,0.0,0.0,1.0,0.0,0.0,0.0,0.0,0.0,0.0,25.0
Breakfast,Egg White Delight,520.0,24.0,50.0,930.0,61.0,3.0,14.0,15.0,0.0,0.0,15.0,15.0,0.0,0.0,1.0,0.0,0.0,0.0,0.0,0.0,0.0,26.0
Breakfast,Sausage McMuffin,370.0,23.0,45.0,780.0,29.0,4.0,2.0,14.0,8.0,0.0,25.0,10.0,0.0,0.0,1.0,0.0,0.0,0.0,0.0,0.0,0.0,8.0
Breakfast,Sausage McMuffin with Egg,350.0,9.0,20.0,590.0,60.0,3.0,14.0,8.0,0.0,0.0,15.0,15.0,0.0,0.0,1.0,0.0,0.0,0.0,0.0,0.0,0.0,7.0
Breakfast,Sausage McMuffin with Egg Whites,400.0,23.0,50.0,880.0,30.0,4.0,2.0,21.0,6.0,0.0,25.0,10.0,0.0,0.0,1.0,0.0,0.0,0.0,0.0,0.0,0.0,10.0
Breakfast,Steak & Egg McMuffin,400.0,15.0,35.0,1250.0,47.0,2.0,16.0,20.0,2.0,10.0,15.0,10.0,0.0,0.0,1.0,0.0,0.0,0.0,0.0,0.0,0.0,9.0
Breakfast,"Bacon, Egg & Cheese Biscuit (Regular Biscuit)",460.0,27.0,35.0,1180.0,34.0,2.0,3.0,18.0,0.0,0.0,8.0,15.0,0.0,0.0,1.0,0.0,0.0,0.0,0.0,0.0,0.0,20.0
Breakfast,"Bacon, Egg & Cheese Biscuit (Large Biscuit)",470.0,24.0,30.0,1290.0,46.0,3.0,4.0,17.0,4.0,2.0,8.0,15.0,0.0,0.0,1.0,0.0,0.0,0.0,0.0,0.0,0.0,21.0
Breakfast,"Bacon, Egg & Cheese Biscuit with Egg Whites (Regular Biscuit)",540.0,32.0,280.0,1470.0,38.0,2.0,3.0,25.0,10.0,2.0,20.0,25.0,0.0,0.0,1.0,0.0,0.0,0.0,0.0,0.0,0.0,29.0
Breakfast,"Bacon, Egg & Cheese Biscuit with Egg Whites (Large Biscuit)",520.0,32.0,35.0,1290.0,40.0,3.0,3.0,18.0,4.0,0.0,8.0,15.0,0.0,0.0,1.0,0.0,0.0,0.0,0.0,0.0,0.0,28.0
Breakfast,Sausage Biscuit (Regular Biscuit),570.0,25.0,60.0,1480.0,55.0,3.0,8.0,30.0,10.0,15.0,20.0,15.0,0.0,0.0,1.0,0.0,0.0,0.0,0.0,0.0,0.0,31.0
Breakfast,Sausage Biscuit (Large Biscuit),550.0,31.0,265.0,1320.0,48.0,2.0,15.0,20.0,10.0,0.0,20.0,15.0,0.0,0.0,1.0,0.0,0.0,0.0,0.0,0.0,0.0,30.0
Breakfast,Sausage Biscuit with Egg (Regular Biscuit),620.0,31.0,275.0,1480.0,57.0,3.0,7.0,30.0,20.0,15.0,20.0,20.0,0.0,0.0,1.0,0.0,0.0,0.0,0.0,0.0,0.0,33.0
Breakfast,Sausage Biscuit with Egg (Large Biscuit),570.0,37.0,250.0,1280.0,42.0,3.0,3.0,18.0,10.0,0.0,10.0,20.0,0.0,0.0,1.0,0.0,0.0,0.0,0.0,0.0,0.0,32.0
Breakfast,Sausage Biscuit with Egg Whites (Regular Biscuit),670.0,35.0,295.0,1510.0,56.0,3.0,7.0,33.0,20.0,4.0,25.0,25.0,0.0,0.0,1.0,0.0,0.0,0.0,0.0,0.0,0.0,35.0
Breakfast,Sausage Biscuit with Egg Whites (Large Biscuit),640.0,37.0,35.0,1590.0,50.0,3.0,3.0,26.0,0.0,2.0,10.0,15.0,0.0,0.0,1.0,0.0,0.0,0.0,0.0,0.0,0.0,34.0
Breakfast,Southern Style Chicken Biscuit (Regular Biscuit),1050.0,50.0,55.0,2290.0,115.0,7.0,18.0,35.0,4.0,2.0,25.0,30.0,0.0,0.0,1.0,0.0,0.0,0.0,0.0,0.0,0.0,40.0
Breakfast,Southern Style Chicken Biscuit (Large Biscuit),150.0,9.0,0.0,310.0,15.0,2.0,0.0,1.0,0.0,2.0,0.0,2.0,0.0,0.0,1.0,0.0,0.0,0.0,0.0,0.0,0.0,1.0
Breakfast,Steak & Egg Biscuit (Regular Biscuit),250.0,8.0,25.0,770.0,30.0,4.0,3.0,18.0,6.0,0.0,25.0,8.0,0.0,0.0,1.0,0.0,0.0,0.0,0.0,0.0,0.0,2.0
Breakfast,"Bacon, Egg & Cheese McGriddles",1090.0,56.0,575.0,2150.0,111.0,6.0,17.0,36.0,15.0,2.0,25.0,40.0,0.0,0.0,1.0,0.0,0.0,0.0,0.0,0.0,0.0,41.0
Breakfast,"Bacon, Egg & Cheese McGriddles with Egg Whites",1150.0,60.0,575.0,2260.0,116.0,7.0,17.0,36.0,15.0,2.0,30.0,40.0,0.0,0.0,1.0,0.0,0.0,0.0,0.0,0.0,0.0,42.0
Breakfast,Sausage McGriddles,990.0,46.0,55.0,2170.0,110.0,6.0,17.0,35.0,0.0,2.0,25.0,30.0,0.0,0.0,1.0,0.0,0.0,0.0,0.0,0.0,0.0,39.0
Breakfast,"Sausage, Egg & Cheese McGriddles",690.0,41.0,35.0,1700.0,55.0,4.0,4.0,26.0,4.0,2.0,10.0,15.0,0.0,0.0,1.0,0.0,0.0,0.0,0.0,0.0,0.0,36.0
Breakfast,"Sausage, Egg & Cheese McGriddles with Egg Whites",740.0,48.0,555.0,1560.0,51.0,3.0,3.0,28.0,15.0,2.0,15.0,25.0,0.0,0.0,1.0,0.0,0.0,0.0,0.0,0.0,0.0,37.0
Breakfast,"Bacon, Egg & Cheese Bagel",410.0,20.0,35.0,1300.0,36.0,2.0,3.0,20.0,2.0,8.0,15.0,10.0,0.0,0.0,1.0,0.0,0.0,0.0,0.0,0.0,0.0,12.0
Breakfast,"Bacon, Egg & Cheese Bagel with Egg Whites",410.0,20.0,30.0,1180.0,41.0,2.0,3.0,17.0,0.0,2.0,6.0,15.0,0.0,0.0,1.0,0.0,0.0,0.0,0.0,0.0,0.0,11.0
Breakfast,"Steak, Egg & Cheese Bagel",430.0,23.0,300.0,960.0,31.0,4.0,3.0,26.0,15.0,2.0,30.0,20.0,0.0,0.0,1.0,0.0,0.0,0.0,0.0,0.0,0.0,14.0
Breakfast,Big Breakfast (Regular Biscuit),420.0,22.0,35.0,1030.0,44.0,2.0,15.0,11.0,0.0,0.0,8.0,10.0,0.0,0.0,1.0,0.0,0.0,0.0,0.0,0.0,0.0,13.0
Breakfast,Big Breakfast (Large Biscuit),450.0,28.0,285.0,860.0,30.0,4.0,2.0,21.0,15.0,0.0,30.0,15.0,0.0,0.0,1.0,0.0,0.0,0.0,0.0,0.0,0.0,16.0
Breakfast,Big Breakfast with Egg Whites (Regular Biscuit),430.0,27.0,30.0,1080.0,34.0,2.0,2.0,11.0,0.0,0.0,6.0,15.0,0.0,0.0,1.0,0.0,0.0,0.0,0.0,0.0,0.0,15.0
Breakfast,Big Breakfast with Egg Whites (Large Biscuit),800.0,52.0,555.0,1680.0,56.0,4.0,3.0,28.0,15.0,2.0,15.0,30.0,0.0,0.0,1.0,0.0,0.0,0.0,0.0,0.0,0.0,38.0
Breakfast,Big Breakfast with Hotcakes (Regular Biscuit),470.0,25.0,35.0,1420.0,42.0,3.0,4.0,20.0,6.0,8.0,15.0,15.0,0.0,0.0,1.0,0.0,0.0,0.0,0.0,0.0,0.0,22.0
Breakfast,Big Breakfast with Hotcakes (Large Biscuit),260.0,4.0,5.0,115.0,49.0,5.0,18.0,5.0,2.0,130.0,6.0,10.0,0.0,0.0,1.0,0.0,0.0,0.0,0.0,0.0,0.0,3.0
Breakfast,Big Breakfast with Hotcakes and Egg Whites (Regular Biscuit),290.0,4.0,5.0,160.0,58.0,5.0,32.0,5.0,2.0,130.0,10.0,10.0,0.0,0.0,1.0,0.0,0.0,0.0,0.0,0.0,0.0,4.0
Breakfast,Big Breakfast with Hotcakes and Egg Whites (Large Biscuit),300.0,13.0,260.0,750.0,31.0,4.0,3.0,17.0,10.0,0.0,25.0,15.0,0.0,0.0,1.0,0.0,0.0,0.0,0.0,0.0,0.0,5.0
Breakfast,Hotcakes,480.0,31.0,30.0,1190.0,39.0,3.0,3.0,11.0,4.0,0.0,8.0,15.0,0.0,0.0,1.0,0.0,0.0,0.0,0.0,0.0,0.0,23.0
Breakfast,Hotcakes and Sausage,500.0,26.0,50.0,1320.0,46.0,2.0,15.0,21.0,2.0,0.0,20.0,10.0,0.0,0.0,1.0,0.0,0.0,0.0,0.0,0.0,0.0,24.0
Breakfast,Sausage Burrito,460.0,21.0,250.0,1250.0,48.0,2.0,15.0,19.0,10.0,10.0,20.0,15.0,0.0,0.0,1.0,0.0,0.0,0.0,0.0,0.0,0.0,18.0
Breakfast,Hash Brown,460.0,19.0,15.0,370.0,66.0,3.0,32.0,6.0,4.0,0.0,6.0,15.0,0.0,0.0,1.0,0.0,0.0,0.0,0.0,0.0,0.0,17.0
Breakfast,Cinnamon Melts,460.0,26.0,250.0,1300.0,38.0,2.0,3.0,19.0,10.0,8.0,15.0,15.0,0.0,0.0,1.0,0.0,0.0,0.0,0.0,0.0,0.0,19.0
Breakfast,Fruit & Maple Oatmeal,300.0,16.0,115.0,790.0,26.0,1.0,2.0,12.0,10.0,2.0,15.0,15.0,0.0,0.0,1.0,0.0,0.0,0.0,0.0,0.0,0.0,6.0
Breakfast,Fruit & Maple Oatmeal without Brown Sugar,520.0,30.0,250.0,1410.0,43.0,3.0,4.0,19.0,15.0,8.0,20.0,20.0,0.0,0.0,1.0,0.0,0.0,0.0,0.0,0.0,0.0,27.0
Beef & Pork,Big Mac,530.0,27.0,85.0,960.0,47.0,3.0,9.0,24.0,6.0,2.0,25.0,25.0,1.0,0.0,0.0,0.0,0.0,0.0,0.0,0.0,0.0,10.0
Beef & Pork,Quarter Pounder with Cheese,600.0,29.0,105.0,1440.0,48.0,3.0,12.0,37.0,6.0,15.0,25.0,30.0,1.0,0.0,0.0,0.0,0.0,0.0,0.0,0.0,0.0,12.0
Beef & Pork,Quarter Pounder with Bacon & Cheese,240.0,8.0,30.0,480.0,32.0,1.0,6.0,12.0,2.0,2.0,10.0,15.0,1.0,0.0,0.0,0.0,0.0,0.0,0.0,0.0,0.0,1.0
Beef & Pork,Quarter Pounder with Bacon Habanero Ranch,500.0,26.0,70.0,980.0,44.0,3.0,11.0,22.0,2.0,2.0,15.0,20.0,1.0,0.0,0.0,0.0,0.0,0.0,0.0,0.0,0.0,8.0
Beef & Pork,Quarter Pounder Deluxe,610.0,31.0,105.0,1180.0,46.0,3.0,10.0,37.0,8.0,20.0,25.0,30.0,1.0,0.0,0.0,0.0,0.0,0.0,0.0,0.0,0.0,13.0
Beef & Pork,Double Quarter Pounder with Cheese,520.0,26.0,95.0,1100.0,41.0,3.0,10.0,30.0,10.0,2.0,30.0,25.0,1.0,0.0,0.0,0.0,0.0,0.0,0.0,0.0,0.0,9.0
Beef & Pork,Hamburger,430.0,23.0,80.0,1030.0,35.0,2.0,6.0,22.0,6.0,8.0,20.0,20.0,1.0,0.0,0.0,0.0,0.0,0.0,0.0,0.0,0.0,6.0
Beef & Pork,Cheeseburger,440.0,22.0,90.0,1110.0,35.0,2.0,7.0,27.0,6.0,10.0,20.0,20.0,1.0,0.0,0.0,0.0,0.0,0.0,0.0,0.0,0.0,7.0
Beef & Pork,Double Cheeseburger,720.0,40.0,115.0,1470.0,51.0,4.0,14.0,39.0,8.0,25.0,30.0,25.0,1.0,0.0,0.0,0.0,0.0,0.0,0.0,0.0,0.0,14.0
Beef & Pork,Bacon Clubhouse Burger,540.0,27.0,85.0,960.0,45.0,3.0,9.0,29.0,10.0,8.0,25.0,30.0,1.0,0.0,0.0,0.0,0.0,0.0,0.0,0.0,0.0,11.0
Beef & Pork,McDouble,750.0,43.0,160.0,1280.0,42.0,3.0,10.0,48.0,10.0,2.0,30.0,35.0,1.0,0.0,0.0,0.0,0.0,0.0,0.0,0.0,0.0,15.0
Beef & Pork,Bacon McDouble,430.0,22.0,80.0,760.0,34.0,2.0,7.0,22.0,8.0,8.0,20.0,20.0,1.0,0.0,0.0,0.0,0.0,0.0,0.0,0.0,0.0,5.0
Beef & Pork,Daily Double,380.0,17.0,75.0,840.0,34.0,2.0,7.0,22.0,6.0,2.0,20.0,20.0,1.0,0.0,0.0,0.0,0.0,0.0,0.0,0.0,0.0,3.0
Beef & Pork,Jalapeño Double,430.0,21.0,90.0,1040.0,35.0,2.0,7.0,24.0,10.0,2.0,30.0,20.0,1.0,0.0,0.0,0.0,0.0,0.0,0.0,0.0,0.0,4.0
Beef & Pork,McRib,290.0,11.0,45.0,680.0,33.0,2.0,7.0,15.0,6.0,2.0,20.0,15.0,1.0,0.0,0.0,0.0,0.0,0.0,0.0,0.0,0.0,2.0
Chicken & Fish,Premium Crispy Chicken Classic Sandwich,470.0,30.0,65.0,900.0,30.0,2.0,0.0,22.0,0.0,4.0,2.0,6.0,0.0,0.0,0.0,1.0,0.0,0.0,0.0,0.0,0.0,12.0
Chicken & Fish,Premium Grilled Chicken Classic Sandwich,450.0,18.0,80.0,1170.0,42.0,3.0,6.0,30.0,60.0,15.0,15.0,20.0,0.0,0.0,0.0,1.0,0.0,0.0,0.0,0.0,0.0,11.0
Chicken & Fish,Premium Crispy Chicken Club Sandwich,390.0,19.0,40.0,590.0,39.0,2.0,5.0,15.0,2.0,0.0,15.0,10.0,0.0,0.0,0.0,1.0,0.0,0.0,0.0,0.0,0.0,7.0
Chicken & Fish,Premium Grilled Chicken Club Sandwich,430.0,19.0,45.0,910.0,43.0,2.0,7.0,21.0,4.0,2.0,15.0,15.0,0.0,0.0,0.0,1.0,0.0,0.0,0.0,0.0,0.0,8.0
Chicken & Fish,Premium Crispy Chicken Ranch BLT Sandwich,480.0,19.0,95.0,1370.0,42.0,3.0,6.0,36.0,60.0,25.0,20.0,20.0,0.0,0.0,0.0,1.0,0.0,0.0,0.0,0.0,0.0,13.0
Chicken & Fish,Premium Grilled Chicken Ranch BLT Sandwich,670.0,33.0,85.0,1410.0,58.0,3.0,11.0,36.0,8.0,20.0,30.0,20.0,0.0,0.0,0.0,1.0,0.0,0.0,0.0,0.0,0.0,24.0
Chicken & Fish,Bacon Clubhouse Crispy Chicken Sandwich,750.0,38.0,90.0,1720.0,65.0,4.0,16.0,36.0,8.0,25.0,30.0,15.0,0.0,0.0,0.0,1.0,0.0,0.0,0.0,0.0,0.0,25.0
Chicken & Fish,Bacon Clubhouse Grilled Chicken Sandwich,630.0,32.0,80.0,1540.0,56.0,3.0,7.0,32.0,60.0,20.0,20.0,20.0,0.0,0.0,0.0,1.0,0.0,0.0,0.0,0.0,0.0,22.0
Chicken & Fish,Southern Style Crispy Chicken Sandwich,940.0,59.0,135.0,1800.0,59.0,3.0,0.0,44.0,0.0,8.0,4.0,10.0,0.0,0.0,0.0,1.0,0.0,0.0,0.0,0.0,0.0,26.0
Chicken & Fish,McChicken,670.0,33.0,60.0,1480.0,68.0,5.0,12.0,27.0,60.0,15.0,20.0,20.0,0.0,0.0,0.0,1.0,0.0,0.0,0.0,0.0,0.0,23.0
Chicken & Fish,Bacon Cheddar McChicken,1880.0,118.0,265.0,3600.0,118.0,6.0,1.0,87.0,0.0,15.0,8.0,25.0,0.0,0.0,0.0,1.0,0.0,0.0,0.0,0.0,0.0,27.0
Chicken & Fish,Bacon Buffalo Ranch McChicken,450.0,15.0,90.0,1230.0,43.0,3.0,9.0,36.0,4.0,20.0,15.0,20.0,0.0,0.0,0.0,1.0,0.0,0.0,0.0,0.0,0.0,10.0
Chicken & Fish,Buffalo Ranch McChicken,190.0,12.0,25.0,360.0,12.0,1.0,0.0,9.0,0.0,2.0,0.0,2.0,0.0,0.0,0.0,1.0,0.0,0.0,0.0,0.0,0.0,1.0
Chicken & Fish,Premium McWrap Chicken & Bacon (Crispy Chicken),350.0,9.0,65.0,820.0,42.0,3.0,8.0,28.0,4.0,8.0,15.0,20.0,0.0,0.0,0.0,1.0,0.0,0.0,0.0,0.0,0.0,3.0
Chicken & Fish,Premium McWrap Chicken & Bacon (Grilled Chicken),360.0,16.0,35.0,990.0,40.0,2.0,5.0,14.0,2.0,2.0,15.0,15.0,0.0,0.0,0.0,1.0,0.0,0.0,0.0,0.0,0.0,5.0
Chicken & Fish,Premium McWrap Chicken & Ranch (Crispy Chicken),280.0,18.0,40.0,540.0,18.0,1.0,0.0,13.0,0.0,2.0,2.0,4.0,0.0,0.0,0.0,1.0,0.0,0.0,0.0,0.0,0.0,2.0
Chicken & Fish,Premium McWrap Chicken & Ranch (Grilled Chicken),360.0,16.0,35.0,800.0,40.0,2.0,5.0,14.0,0.0,2.0,10.0,15.0,0.0,0.0,0.0,1.0,0.0,0.0,0.0,0.0,0.0,4.0
Chicken & Fish,Premium McWrap Southwest Chicken (Crispy Chicken),380.0,10.0,65.0,1090.0,47.0,3.0,12.0,27.0,60.0,15.0,8.0,20.0,0.0,0.0,0.0,1.0,0.0,0.0,0.0,0.0,0.0,6.0
Chicken & Fish,Premium McWrap Southwest Chicken (Grilled Chicken),480.0,24.0,65.0,1260.0,43.0,2.0,6.0,22.0,4.0,10.0,20.0,15.0,0.0,0.0,0.0,1.0,0.0,0.0,0.0,0.0,0.0,14.0
Chicken & Fish,Premium McWrap Chicken Sweet Chili (Crispy Chicken),510.0,20.0,105.0,1250.0,44.0,3.0,9.0,40.0,8.0,20.0,30.0,20.0,0.0,0.0,0.0,1.0,0.0,0.0,0.0,0.0,0.0,15.0
Chicken & Fish,Premium McWrap Chicken Sweet Chili (Grilled Chicken),510.0,22.0,45.0,990.0,55.0,3.0,10.0,24.0,4.0,6.0,15.0,20.0,0.0,0.0,0.0,1.0,0.0,0.0,0.0,0.0,0.0,16.0
Chicken & Fish,Chicken McNuggets (4 piece),520.0,20.0,80.0,1320.0,55.0,5.0,10.0,31.0,70.0,15.0,20.0,20.0,0.0,0.0,0.0,1.0,0.0,0.0,0.0,0.0,0.0,17.0
Chicken & Fish,Chicken McNuggets (6 piece),610.0,28.0,70.0,1400.0,57.0,3.0,11.0,32.0,4.0,20.0,15.0,20.0,0.0,0.0,0.0,1.0,0.0,0.0,0.0,0.0,0.0,20.0
Chicken & Fish,Chicken McNuggets (10 piece),610.0,31.0,65.0,1340.0,56.0,3.0,8.0,27.0,60.0,15.0,20.0,20.0,0.0,0.0,0.0,1.0,0.0,0.0,0.0,0.0,0.0,21.0
Chicken & Fish,Chicken McNuggets (20 piece),540.0,23.0,50.0,1260.0,61.0,3.0,14.0,23.0,60.0,15.0,8.0,20.0,0.0,0.0,0.0,1.0,0.0,0.0,0.0,0.0,0.0,18.0
Chicken & Fish,Chicken McNuggets (40 piece),590.0,25.0,110.0,1560.0,51.0,4.0,14.0,40.0,8.0,30.0,30.0,15.0,0.0,0.0,0.0,1.0,0.0,0.0,0.0,0.0,0.0,19.0
Chicken & Fish,Filet-O-Fish,430.0,21.0,50.0,1260.0,41.0,2.0,6.0,20.0,2.0,10.0,15.0,15.0,0.0,0.0,0.0,1.0,0.0,0.0,0.0,0.0,0.0,9.0
Salads,Premium Bacon Ranch Salad (without Chicken),140.0,4.5,10.0,150.0,20.0,6.0,6.0,6.0,160.0,25.0,15.0,10.0,0.0,0.0,0.0,0.0,0.0,0.0,1.0,0.0,0.0,1.0
Salads,Premium Bacon Ranch Salad with Crispy Chicken,140.0,7.0,25.0,300.0,10.0,3.0,4.0,9.0,170.0,30.0,15.0,6.0,0.0,0.0,0.0,0.0,0.0,0.0,1.0,0.0,0.0,2.0
Salads,Premium Bacon Ranch Salad with Grilled Chicken,220.0,8.0,85.0,690.0,8.0,2.0,4.0,29.0,110.0,30.0,15.0,8.0,0.0,0.0,0.0,0.0,0.0,0.0,1.0,0.0,0.0,3.0
Salads,Premium Southwest Salad (without Chicken),290.0,8.0,70.0,680.0,28.0,7.0,10.0,27.0,170.0,30.0,15.0,15.0,0.0,0.0,0.0,0.0,0.0,0.0,1.0,0.0,0.0,4.0
Salads,Premium Southwest Salad with Crispy Chicken,380.0,21.0,70.0,860.0,22.0,2.0,5.0,25.0,100.0,25.0,15.0,8.0,0.0,0.0,0.0,0.0,0.0,0.0,1.0,0.0,0.0,5.0
Salads,Premium Southwest Salad with Grilled Chicken,450.0,22.0,50.0,850.0,42.0,7.0,12.0,23.0,170.0,30.0,15.0,15.0,0.0,0.0,0.0,0.0,0.0,0.0,1.0,0.0,0.0,6.0
Snacks & Sides,Chipotle BBQ Snack Wrap (Crispy Chicken),360.0,20.0,40.0,810.0,32.0,1.0,3.0,15.0,2.0,0.0,10.0,10.0,0.0,0.0,0.0,0.0,0.0,0.0,0.0,0.0,1.0,12.0
Snacks & Sides,Chipotle BBQ Snack Wrap (Grilled Chicken),15.0,0.0,0.0,0.0,4.0,0.0,3.0,0.0,0.0,160.0,2.0,0.0,0.0,0.0,0.0,0.0,0.0,0.0,0.0,0.0,1.0,1.0
Snacks & Sides,Honey Mustard Snack Wrap (Crispy Chicken),20.0,0.0,0.0,10.0,4.0,1.0,2.0,1.0,45.0,25.0,2.0,4.0,0.0,0.0,0.0,0.0,0.0,0.0,0.0,0.0,1.0,2.0
Snacks & Sides,Honey Mustard Snack Wrap (Grilled Chicken),510.0,24.0,0.0,290.0,67.0,5.0,0.0,6.0,0.0,70.0,2.0,8.0,0.0,0.0,0.0,0.0,0.0,0.0,0.0,0.0,1.0,13.0
Snacks & Sides,Ranch Snack Wrap (Crispy Chicken),110.0,5.0,0.0,65.0,15.0,1.0,0.0,1.0,0.0,15.0,0.0,2.0,0.0,0.0,0.0,0.0,0.0,0.0,0.0,0.0,1.0,3.0
Snacks & Sides,Ranch Snack Wrap (Grilled Chicken),150.0,2.0,5.0,70.0,30.0,1.0,23.0,4.0,2.0,15.0,10.0,4.0,0.0,0.0,0.0,0.0,0.0,0.0,0.0,0.0,1.0,4.0
Snacks & Sides,Small French Fries,340.0,15.0,30.0,780.0,37.0,1.0,8.0,14.0,4.0,0.0,10.0,10.0,0.0,0.0,0.0,0.0,0.0,0.0,0.0,0.0,1.0,10.0
Snacks & Sides,Medium French Fries,330.0,15.0,35.0,730.0,34.0,1.0,3.0,14.0,2.0,0.0,10.0,10.0,0.0,0.0,0.0,0.0,0.0,0.0,0.0,0.0,1.0,9.0
Snacks & Sides,Large French Fries,280.0,13.0,45.0,720.0,25.0,1.0,2.0,16.0,2.0,2.0,10.0,10.0,0.0,0.0,0.0,0.0,0.0,0.0,0.0,0.0,1.0,8.0
Snacks & Sides,Kids French Fries,230.0,11.0,0.0,130.0,30.0,2.0,0.0,2.0,0.0,30.0,0.0,4.0,0.0,0.0,0.0,0.0,0.0,0.0,0.0,0.0,1.0,5.0
Snacks & Sides,Side Salad,250.0,8.0,45.0,650.0,27.0,1.0,2.0,16.0,2.0,2.0,10.0,10.0,0.0,0.0,0.0,0.0,0.0,0.0,0.0,0.0,1.0,6.0
Snacks & Sides,Apple Slices,340.0,16.0,0.0,190.0,44.0,4.0,0.0,4.0,0.0,45.0,2.0,4.0,0.0,0.0,0.0,0.0,0.0,0.0,0.0,0.0,1.0,11.0
Snacks & Sides,Fruit 'n Yogurt Parfait,260.0,8.0,40.0,700.0,30.0,1.0,7.0,16.0,4.0,2.0,10.0,10.0,0.0,0.0,0.0,0.0,0.0,0.0,0.0,0.0,1.0,7.0
Desserts,Baked Apple Pie,45.0,1.5,5.0,20.0,7.0,0.0,6.0,1.0,2.0,0.0,4.0,0.0,0.0,0.0,0.0,0.0,0.0,1.0,0.0,0.0,0.0,1.0
Desserts,Chocolate Chip Cookie,150.0,6.0,10.0,135.0,22.0,1.0,13.0,2.0,2.0,0.0,2.0,6.0,0.0,0.0,0.0,0.0,0.0,1.0,0.0,0.0,0.0,2.0
Desserts,Oatmeal Raisin Cookie,330.0,9.0,25.0,170.0,53.0,1.0,48.0,8.0,8.0,0.0,25.0,8.0,0.0,0.0,0.0,0.0,0.0,1.0,0.0,0.0,0.0,6.0
Desserts,Kids Ice Cream Cone,280.0,6.0,25.0,85.0,49.0,0.0,45.0,6.0,8.0,4.0,20.0,0.0,0.0,0.0,0.0,0.0,0.0,1.0,0.0,0.0,0.0,5.0
Desserts,Hot Fudge Sundae,250.0,13.0,0.0,170.0,32.0,4.0,13.0,2.0,4.0,25.0,2.0,6.0,0.0,0.0,0.0,0.0,0.0,1.0,0.0,0.0,0.0,4.0
Desserts,Hot Caramel Sundae,160.0,8.0,10.0,90.0,21.0,1.0,15.0,2.0,2.0,0.0,2.0,8.0,0.0,0.0,0.0,0.0,0.0,1.0,0.0,0.0,0.0,3.0
Desserts,Strawberry Sundae,340.0,8.0,30.0,150.0,60.0,0.0,43.0,7.0,10.0,0.0,25.0,0.0,0.0,0.0,0.0,0.0,0.0,1.0,0.0,0.0,0.0,7.0
Beverages,Coca-Cola Classic (Small),190.0,0.0,0.0,0.0,44.0,0.0,39.0,3.0,0.0,160.0,4.0,0.0,0.0,1.0,0.0,0.0,0.0,0.0,0.0,0.0,0.0,21.0
Beverages,Coca-Cola Classic (Medium),0.0,0.0,0.0,15.0,0.0,0.0,0.0,0.0,0.0,0.0,0.0,0.0,0.0,1.0,0.0,0.0,0.0,0.0,0.0,0.0,0.0,4.0
Beverages,Coca-Cola Classic (Large),0.0,0.0,0.0,35.0,0.0,0.0,0.0,0.0,0.0,0.0,0.0,0.0,0.0,1.0,0.0,0.0,0.0,0.0,0.0,0.0,0.0,3.0
Beverages,Coca-Cola Classic (Child),0.0,0.0,0.0,20.0,0.0,0.0,0.0,0.0,0.0,0.0,0.0,0.0,0.0,1.0,0.0,0.0,0.0,0.0,0.0,0.0,0.0,2.0
Beverages,Diet Coke (Small),0.0,0.0,0.0,10.0,0.0,0.0,0.0,0.0,0.0,0.0,0.0,0.0,0.0,1.0,0.0,0.0,0.0,0.0,0.0,0.0,0.0,1.0
Beverages,Diet Coke (Medium),280.0,0.0,0.0,5.0,65.0,0.0,58.0,4.0,0.0,240.0,4.0,0.0,0.0,1.0,0.0,0.0,0.0,0.0,0.0,0.0,0.0,27.0
Beverages,Diet Coke (Large),0.0,0.0,0.0,100.0,0.0,0.0,0.0,3.0,0.0,0.0,0.0,0.0,0.0,1.0,0.0,0.0,0.0,0.0,0.0,0.0,0.0,8.0
Beverages,Diet Coke (Child),0.0,0.0,0.0,70.0,0.0,0.0,0.0,2.0,0.0,0.0,0.0,0.0,0.0,1.0,0.0,0.0,0.0,0.0,0.0,0.0,0.0,7.0
Beverages,Dr Pepper (Small),0.0,0.0,0.0,50.0,0.0,0.0,0.0,1.0,0.0,0.0,0.0,0.0,0.0,1.0,0.0,0.0,0.0,0.0,0.0,0.0,0.0,6.0
Beverages,Dr Pepper (Medium),0.0,0.0,0.0,0.0,0.0,0.0,0.0,0.0,0.0,0.0,0.0,0.0,0.0,1.0,0.0,0.0,0.0,0.0,0.0,0.0,0.0,5.0
Beverages,Dr Pepper (Large),140.0,0.0,0.0,45.0,37.0,0.0,35.0,0.0,0.0,0.0,0.0,0.0,0.0,1.0,0.0,0.0,0.0,0.0,0.0,0.0,0.0,16.0
Beverages,Dr Pepper (Child),130.0,0.0,5.0,135.0,23.0,1.0,22.0,9.0,10.0,0.0,30.0,8.0,0.0,1.0,0.0,0.0,0.0,0.0,0.0,0.0,0.0,15.0
Beverages,Diet Dr Pepper (Small),100.0,2.5,10.0,125.0,12.0,0.0,12.0,8.0,10.0,4.0,30.0,0.0,0.0,1.0,0.0,0.0,0.0,0.0,0.0,0.0,0.0,14.0
Beverages,Diet Dr Pepper (Medium),100.0,0.0,0.0,0.0,28.0,0.0,28.0,0.0,0.0,0.0,0.0,0.0,0.0,1.0,0.0,0.0,0.0,0.0,0.0,0.0,0.0,13.0
Beverages,Diet Dr Pepper (Large),100.0,0.0,0.0,25.0,27.0,0.0,27.0,0.0,0.0,0.0,0.0,0.0,0.0,1.0,0.0,0.0,0.0,0.0,0.0,0.0,0.0,12.0
Beverages,Diet Dr Pepper (Child),100.0,0.0,0.0,30.0,27.0,0.0,26.0,0.0,0.0,0.0,0.0,0.0,0.0,1.0,0.0,0.0,0.0,0.0,0.0,0.0,0.0,11.0
Beverages,Sprite (Small),80.0,0.0,0.0,15.0,21.0,0.0,19.0,0.0,0.0,100.0,10.0,0.0,0.0,1.0,0.0,0.0,0.0,0.0,0.0,0.0,0.0,10.0
Beverages,Sprite (Medium),0.0,0.0,0.0,140.0,0.0,0.0,0.0,4.0,0.0,0.0,0.0,0.0,0.0,1.0,0.0,0.0,0.0,0.0,0.0,0.0,0.0,9.0
Beverages,Sprite (Large),200.0,0.0,0.0,45.0,54.0,0.0,54.0,0.0,0.0,0.0,0.0,0.0,0.0,1.0,0.0,0.0,0.0,0.0,0.0,0.0,0.0,22.0
Beverages,Sprite (Child),200.0,0.0,0.0,5.0,55.0,0.0,55.0,0.0,0.0,0.0,0.0,0.0,0.0,1.0,0.0,0.0,0.0,0.0,0.0,0.0,0.0,23.0
Beverages,1% Low Fat Milk Jug,280.0,0.0,0.0,5.0,76.0,0.0,76.0,0.0,0.0,0.0,0.0,0.0,0.0,1.0,0.0,0.0,0.0,0.0,0.0,0.0,0.0,26.0
Beverages,Fat Free Chocolate Milk Jug,280.0,0.0,0.0,60.0,74.0,0.0,74.0,0.0,0.0,0.0,0.0,0.0,0.0,1.0,0.0,0.0,0.0,0.0,0.0,0.0,0.0,25.0
Beverages,Minute Maid 100% Apple Juice Box,270.0,0.0,0.0,90.0,72.0,0.0,70.0,0.0,0.0,0.0,0.0,0.0,0.0,1.0,0.0,0.0,0.0,0.0,0.0,0.0,0.0,24.0
Beverages,Minute Maid Orange Juice (Small),190.0,0.0,0.0,65.0,53.0,0.0,51.0,0.0,0.0,0.0,0.0,0.0,0.0,1.0,0.0,0.0,0.0,0.0,0.0,0.0,0.0,20.0
Beverages,Minute Maid Orange Juice (Medium),150.0,0.0,0.0,0.0,34.0,0.0,30.0,2.0,0.0,130.0,2.0,0.0,0.0,1.0,0.0,0.0,0.0,0.0,0.0,0.0,0.0,19.0
Beverages,Minute Maid Orange Juice (Large),140.0,0.0,0.0,0.0,39.0,0.0,39.0,0.0,0.0,0.0,0.0,0.0,0.0,1.0,0.0,0.0,0.0,0.0,0.0,0.0,0.0,18.0
Beverages,Dasani Water Bottle,140.0,0.0,0.0,30.0,37.0,0.0,37.0,0.0,0.0,0.0,0.0,0.0,0.0,1.0,0.0,0.0,0.0,0.0,0.0,0.0,0.0,17.0
Coffee & Tea,Iced Tea (Small),340.0,3.5,15.0,220.0,61.0,1.0,57.0,14.0,20.0,0.0,50.0,6.0,0.0,0.0,0.0,0.0,1.0,0.0,0.0,0.0,0.0,65.0
Coffee & Tea,Iced Tea (Medium),330.0,14.0,40.0,240.0,37.0,2.0,20.0,15.0,15.0,0.0,50.0,2.0,0.0,0.0,0.0,0.0,1.0,0.0,0.0,0.0,0.0,64.0
Coffee & Tea,Iced Tea (Large),330.0,10.0,30.0,140.0,50.0,1.0,47.0,11.0,10.0,0.0,35.0,0.0,0.0,0.0,0.0,0.0,1.0,0.0,0.0,0.0,0.0,63.0
Coffee & Tea,Iced Tea (Child),140.0,4.5,15.0,35.0,23.0,0.0,22.0,1.0,4.0,0.0,4.0,0.0,0.0,0.0,0.0,0.0,1.0,0.0,0.0,0.0,0.0,17.0
Coffee & Tea,Sweet Tea (Small),140.0,0.0,5.0,150.0,24.0,1.0,13.0,10.0,10.0,0.0,30.0,0.0,0.0,0.0,0.0,0.0,1.0,0.0,0.0,0.0,0.0,16.0
Coffee & Tea,Sweet Tea (Medium),130.0,4.5,15.0,35.0,22.0,0.0,21.0,1.0,4.0,0.0,4.0,0.0,0.0,0.0,0.0,0.0,1.0,0.0,0.0,0.0,0.0,15.0
Coffee & Tea,Sweet Tea (Large),270.0,9.0,35.0,75.0,47.0,0.0,45.0,2.0,6.0,0.0,8.0,0.0,0.0,0.0,0.0,0.0,1.0,0.0,0.0,0.0,0.0,50.0
Coffee & Tea,Sweet Tea (Child),270.0,9.0,25.0,115.0,40.0,1.0,38.0,9.0,8.0,0.0,30.0,0.0,0.0,0.0,0.0,0.0,1.0,0.0,0.0,0.0,0.0,49.0
Coffee & Tea,Coffee (Small),270.0,9.0,25.0,115.0,40.0,1.0,38.0,9.0,8.0,0.0,30.0,0.0,0.0,0.0,0.0,0.0,1.0,0.0,0.0,0.0,0.0,48.0
Coffee & Tea,Coffee (Medium),120.0,4.5,15.0,40.0,20.0,0.0,19.0,1.0,4.0,0.0,4.0,0.0,0.0,0.0,0.0,0.0,1.0,0.0,0.0,0.0,0.0,11.0
Coffee & Tea,Coffee (Large),110.0,0.0,0.0,5.0,27.0,0.0,27.0,0.0,0.0,0.0,0.0,0.0,0.0,0.0,0.0,0.0,1.0,0.0,0.0,0.0,0.0,10.0
Coffee & Tea,Latte (Small),100.0,0.0,5.0,110.0,15.0,1.0,13.0,10.0,10.0,0.0,30.0,0.0,0.0,0.0,0.0,0.0,1.0,0.0,0.0,0.0,0.0,9.0
Coffee & Tea,Latte (Medium),630.0,26.0,80.0,160.0,91.0,1.0,81.0,9.0,15.0,0.0,30.0,4.0,0.0,0.0,0.0,0.0,1.0,0.0,0.0,0.0,0.0,92.0
Coffee & Tea,Latte (Large),550.0,23.0,80.0,160.0,79.0,0.0,71.0,9.0,20.0,0.0,30.0,2.0,0.0,0.0,0.0,0.0,1.0,0.0,0.0,0.0,0.0,91.0
Coffee & Tea,Caramel Latte (Small),550.0,22.0,75.0,160.0,80.0,1.0,71.0,9.0,15.0,0.0,25.0,4.0,0.0,0.0,0.0,0.0,1.0,0.0,0.0,0.0,0.0,90.0
Coffee & Tea,Caramel Latte (Medium),760.0,31.0,95.0,200.0,111.0,1.0,99.0,12.0,20.0,0.0,35.0,6.0,0.0,0.0,0.0,0.0,1.0,0.0,0.0,0.0,0.0,95.0
Coffee & Tea,Caramel Latte (Large),670.0,27.0,95.0,190.0,96.0,0.0,88.0,11.0,20.0,0.0,35.0,2.0,0.0,0.0,0.0,0.0,1.0,0.0,0.0,0.0,0.0,94.0
Coffee & Tea,Hazelnut Latte (Small),670.0,26.0,90.0,190.0,98.0,1.0,88.0,11.0,20.0,0.0,35.0,4.0,0.0,0.0,0.0,0.0,1.0,0.0,0.0,0.0,0.0,93.0
Coffee & Tea,Hazelnut Latte (Medium),540.0,20.0,60.0,280.0,73.0,1.0,68.0,17.0,20.0,0.0,60.0,8.0,0.0,0.0,0.0,0.0,1.0,0.0,0.0,0.0,0.0,89.0
Coffee & Tea,Hazelnut Latte (Large),530.0,23.0,65.0,135.0,76.0,1.0,67.0,8.0,15.0,0.0,25.0,4.0,0.0,0.0,0.0,0.0,1.0,0.0,0.0,0.0,0.0,88.0
Coffee & Tea,French Vanilla Latte (Small),500.0,17.0,50.0,240.0,72.0,2.0,63.0,16.0,15.0,0.0,50.0,8.0,0.0,0.0,0.0,0.0,1.0,0.0,0.0,0.0,0.0,87.0
Coffee & Tea,French Vanilla Latte (Medium),370.0,3.5,20.0,270.0,67.0,1.0,61.0,17.0,20.0,0.0,50.0,4.0,0.0,0.0,0.0,0.0,1.0,0.0,0.0,0.0,0.0,71.0
Coffee & Tea,French Vanilla Latte (Large),360.0,13.0,40.0,180.0,50.0,1.0,45.0,11.0,10.0,0.0,40.0,6.0,0.0,0.0,0.0,0.0,1.0,0.0,0.0,0.0,0.0,70.0
Coffee & Tea,Latte with Sugar Free French Vanilla Syrup (Small),350.0,13.0,40.0,150.0,50.0,1.0,43.0,9.0,10.0,0.0,30.0,6.0,0.0,0.0,0.0,0.0,1.0,0.0,0.0,0.0,0.0,69.0
Coffee & Tea,Latte with Sugar Free French Vanilla Syrup (Medium),170.0,9.0,25.0,115.0,15.0,1.0,12.0,9.0,8.0,0.0,30.0,0.0,0.0,0.0,0.0,0.0,1.0,0.0,0.0,0.0,0.0,23.0
Coffee & Tea,Latte with Sugar Free French Vanilla Syrup (Large),170.0,7.0,25.0,55.0,27.0,0.0,26.0,1.0,4.0,0.0,4.0,0.0,0.0,0.0,0.0,0.0,1.0,0.0,0.0,0.0,0.0,22.0
Coffee & Tea,Nonfat Latte (Small),170.0,0.5,10.0,180.0,25.0,1.0,21.0,16.0,15.0,0.0,50.0,2.0,0.0,0.0,0.0,0.0,1.0,0.0,0.0,0.0,0.0,21.0
Coffee & Tea,Nonfat Latte (Medium),340.0,13.0,40.0,170.0,46.0,1.0,41.0,9.0,10.0,0.0,30.0,2.0,0.0,0.0,0.0,0.0,1.0,0.0,0.0,0.0,0.0,68.0
Coffee & Tea,Nonfat Latte (Large),340.0,11.0,35.0,150.0,49.0,2.0,42.0,10.0,10.0,0.0,30.0,6.0,0.0,0.0,0.0,0.0,1.0,0.0,0.0,0.0,0.0,67.0
Coffee & Tea,Nonfat Caramel Latte (Small),340.0,10.0,30.0,140.0,50.0,1.0,48.0,11.0,10.0,0.0,35.0,0.0,0.0,0.0,0.0,0.0,1.0,0.0,0.0,0.0,0.0,66.0
Coffee & Tea,Nonfat Caramel Latte (Medium),170.0,0.0,5.0,180.0,30.0,1.0,16.0,12.0,15.0,0.0,40.0,0.0,0.0,0.0,0.0,0.0,1.0,0.0,0.0,0.0,0.0,20.0
Coffee & Tea,Nonfat Caramel Latte (Large),160.0,9.0,35.0,135.0,18.0,0.0,2.0,2.0,6.0,0.0,8.0,0.0,0.0,0.0,0.0,0.0,1.0,0.0,0.0,0.0,0.0,19.0
Coffee & Tea,Nonfat Hazelnut Latte (Small),150.0,0.0,0.0,10.0,36.0,0.0,36.0,1.0,0.0,0.0,0.0,0.0,0.0,0.0,0.0,0.0,1.0,0.0,0.0,0.0,0.0,18.0
Coffee & Tea,Nonfat Hazelnut Latte (Medium),300.0,0.5,10.0,180.0,60.0,1.0,56.0,16.0,15.0,0.0,50.0,2.0,0.0,0.0,0.0,0.0,1.0,0.0,0.0,0.0,0.0,56.0
Coffee & Tea,Nonfat Hazelnut Latte (Large),290.0,11.0,35.0,125.0,41.0,1.0,34.0,8.0,10.0,0.0,25.0,4.0,0.0,0.0,0.0,0.0,1.0,0.0,0.0,0.0,0.0,55.0
Coffee & Tea,Nonfat French Vanilla Latte (Small),290.0,5.0,20.0,150.0,50.0,1.0,43.0,10.0,15.0,0.0,30.0,6.0,0.0,0.0,0.0,0.0,1.0,0.0,0.0,0.0,0.0,54.0
Coffee & Tea,Nonfat French Vanilla Latte (Medium),310.0,3.5,15.0,210.0,56.0,1.0,51.0,13.0,15.0,0.0,40.0,2.0,0.0,0.0,0.0,0.0,1.0,0.0,0.0,0.0,0.0,59.0
Coffee & Tea,Nonfat French Vanilla Latte (Large),310.0,0.5,10.0,180.0,63.0,1.0,59.0,16.0,15.0,0.0,50.0,2.0,0.0,0.0,0.0,0.0,1.0,0.0,0.0,0.0,0.0,58.0
Coffee & Tea,Nonfat Latte with Sugar Free French Vanilla Syrup (Small),310.0,0.5,10.0,180.0,63.0,1.0,59.0,16.0,15.0,0.0,50.0,2.0,0.0,0.0,0.0,0.0,1.0,0.0,0.0,0.0,0.0,57.0
Coffee & Tea,Nonfat Latte with Sugar Free French Vanilla Syrup (Medium),450.0,19.0,65.0,125.0,64.0,0.0,57.0,7.0,15.0,0.0,25.0,2.0,0.0,0.0,0.0,0.0,1.0,0.0,0.0,0.0,0.0,83.0
Coffee & Tea,Nonfat Latte with Sugar Free French Vanilla Syrup (Large),450.0,18.0,65.0,125.0,65.0,1.0,57.0,7.0,15.0,0.0,20.0,4.0,0.0,0.0,0.0,0.0,1.0,0.0,0.0,0.0,0.0,82.0
Coffee & Tea,Mocha (Small),440.0,16.0,50.0,220.0,61.0,1.0,56.0,14.0,15.0,0.0,45.0,6.0,0.0,0.0,0.0,0.0,1.0,0.0,0.0,0.0,0.0,81.0
Coffee & Tea,Mocha (Medium),390.0,6.0,25.0,220.0,71.0,2.0,62.0,14.0,20.0,0.0,45.0,8.0,0.0,0.0,0.0,0.0,1.0,0.0,0.0,0.0,0.0,74.0
Coffee & Tea,Mocha (Large),390.0,4.0,20.0,240.0,73.0,2.0,64.0,17.0,20.0,0.0,50.0,8.0,0.0,0.0,0.0,0.0,1.0,0.0,0.0,0.0,0.0,73.0
Coffee & Tea,Mocha with Nonfat Milk (Small),370.0,6.0,25.0,250.0,65.0,1.0,59.0,14.0,20.0,0.0,45.0,4.0,0.0,0.0,0.0,0.0,1.0,0.0,0.0,0.0,0.0,72.0
Coffee & Tea,Mocha with Nonfat Milk (Medium),410.0,14.0,40.0,190.0,60.0,2.0,53.0,13.0,10.0,0.0,40.0,6.0,0.0,0.0,0.0,0.0,1.0,0.0,0.0,0.0,0.0,77.0
Coffee & Tea,Mocha with Nonfat Milk (Large),400.0,3.5,20.0,280.0,74.0,1.0,69.0,19.0,25.0,0.0,60.0,8.0,0.0,0.0,0.0,0.0,1.0,0.0,0.0,0.0,0.0,76.0
Coffee & Tea,Caramel Mocha (Small),390.0,14.0,40.0,220.0,55.0,1.0,50.0,12.0,15.0,0.0,40.0,2.0,0.0,0.0,0.0,0.0,1.0,0.0,0.0,0.0,0.0,75.0
Coffee & Tea,Caramel Mocha (Medium),430.0,14.0,40.0,180.0,62.0,1.0,59.0,15.0,15.0,0.0,50.0,2.0,0.0,0.0,0.0,0.0,1.0,0.0,0.0,0.0,0.0,80.0
Coffee & Tea,Caramel Mocha (Large),430.0,14.0,40.0,180.0,62.0,1.0,58.0,15.0,15.0,0.0,50.0,2.0,0.0,0.0,0.0,0.0,1.0,0.0,0.0,0.0,0.0,79.0
Coffee & Tea,Nonfat Caramel Mocha (Small),420.0,14.0,40.0,190.0,60.0,1.0,56.0,15.0,15.0,0.0,50.0,2.0,0.0,0.0,0.0,0.0,1.0,0.0,0.0,0.0,0.0,78.0
Coffee & Tea,Nonfat Caramel Mocha (Medium),480.0,17.0,50.0,270.0,66.0,1.0,60.0,16.0,15.0,0.0,50.0,4.0,0.0,0.0,0.0,0.0,1.0,0.0,0.0,0.0,0.0,86.0
Coffee & Tea,Nonfat Caramel Mocha (Large),480.0,16.0,50.0,220.0,70.0,2.0,62.0,14.0,15.0,0.0,40.0,8.0,0.0,0.0,0.0,0.0,1.0,0.0,0.0,0.0,0.0,85.0
Coffee & Tea,Hot Chocolate (Small),460.0,16.0,50.0,250.0,65.0,1.0,59.0,13.0,15.0,0.0,40.0,4.0,0.0,0.0,0.0,0.0,1.0,0.0,0.0,0.0,0.0,84.0
Coffee & Tea,Hot Chocolate (Medium),0.0,0.0,0.0,5.0,0.0,0.0,0.0,0.0,0.0,0.0,0.0,0.0,0.0,0.0,0.0,0.0,1.0,0.0,0.0,0.0,0.0,4.0
Coffee & Tea,Hot Chocolate (Large),0.0,0.0,0.0,15.0,0.0,0.0,0.0,0.0,0.0,0.0,0.0,0.0,0.0,0.0,0.0,0.0,1.0,0.0,0.0,0.0,0.0,3.0
Coffee & Tea,Hot Chocolate with Nonfat Milk (Small),0.0,0.0,0.0,10.0,0.0,0.0,0.0,0.0,0.0,0.0,0.0,0.0,0.0,0.0,0.0,0.0,1.0,0.0,0.0,0.0,0.0,2.0
Coffee & Tea,Hot Chocolate with Nonfat Milk (Medium),0.0,0.0,0.0,10.0,0.0,0.0,0.0,0.0,0.0,0.0,0.0,0.0,0.0,0.0,0.0,0.0,1.0,0.0,0.0,0.0,0.0,1.0
Coffee & Tea,Hot Chocolate with Nonfat Milk (Large),130.0,4.5,15.0,35.0,21.0,0.0,20.0,1.0,4.0,0.0,4.0,0.0,0.0,0.0,0.0,0.0,1.0,0.0,0.0,0.0,0.0,14.0
Coffee & Tea,Regular Iced Coffee (Small),130.0,0.0,5.0,135.0,19.0,1.0,16.0,12.0,15.0,0.0,40.0,0.0,0.0,0.0,0.0,0.0,1.0,0.0,0.0,0.0,0.0,13.0
Coffee & Tea,Regular Iced Coffee (Medium),120.0,7.0,25.0,90.0,12.0,0.0,2.0,1.0,4.0,0.0,4.0,0.0,0.0,0.0,0.0,0.0,1.0,0.0,0.0,0.0,0.0,12.0
Coffee & Tea,Regular Iced Coffee (Large),180.0,7.0,25.0,50.0,29.0,0.0,28.0,1.0,4.0,0.0,4.0,0.0,0.0,0.0,0.0,0.0,1.0,0.0,0.0,0.0,0.0,26.0
Coffee & Tea,Caramel Iced Coffee (Small),180.0,7.0,25.0,50.0,29.0,0.0,28.0,1.0,4.0,0.0,4.0,0.0,0.0,0.0,0.0,0.0,1.0,0.0,0.0,0.0,0.0,25.0
Coffee & Tea,Caramel Iced Coffee (Medium),180.0,0.0,0.0,10.0,45.0,0.0,45.0,1.0,0.0,0.0,0.0,0.0,0.0,0.0,0.0,0.0,1.0,0.0,0.0,0.0,0.0,24.0
Coffee & Tea,Caramel Iced Coffee (Large),260.0,9.0,35.0,65.0,43.0,0.0,42.0,2.0,6.0,0.0,6.0,0.0,0.0,0.0,0.0,0.0,1.0,0.0,0.0,0.0,0.0,44.0
Coffee & Tea,Hazelnut Iced Coffee (Small),260.0,9.0,25.0,115.0,38.0,1.0,36.0,9.0,8.0,0.0,30.0,0.0,0.0,0.0,0.0,0.0,1.0,0.0,0.0,0.0,0.0,43.0
Coffee & Tea,Hazelnut Iced Coffee (Medium),250.0,9.0,35.0,75.0,43.0,0.0,41.0,2.0,6.0,0.0,8.0,0.0,0.0,0.0,0.0,0.0,1.0,0.0,0.0,0.0,0.0,42.0
Coffee & Tea,Hazelnut Iced Coffee (Large),270.0,5.0,20.0,170.0,47.0,1.0,41.0,10.0,15.0,0.0,30.0,2.0,0.0,0.0,0.0,0.0,1.0,0.0,0.0,0.0,0.0,47.0
Coffee & Tea,French Vanilla Iced Coffee (Small),270.0,3.5,15.0,150.0,49.0,2.0,43.0,11.0,10.0,0.0,35.0,6.0,0.0,0.0,0.0,0.0,1.0,0.0,0.0,0.0,0.0,46.0
Coffee & Tea,French Vanilla Iced Coffee (Medium),260.0,10.0,30.0,190.0,29.0,1.0,15.0,12.0,10.0,0.0,35.0,0.0,0.0,0.0,0.0,0.0,1.0,0.0,0.0,0.0,0.0,45.0
Coffee & Tea,French Vanilla Iced Coffee (Large),210.0,10.0,30.0,140.0,18.0,1.0,15.0,11.0,10.0,0.0,35.0,0.0,0.0,0.0,0.0,0.0,1.0,0.0,0.0,0.0,0.0,32.0
Coffee & Tea,Iced Coffee with Sugar Free French Vanilla Syrup (Small),210.0,9.0,25.0,150.0,24.0,1.0,12.0,9.0,8.0,0.0,30.0,0.0,0.0,0.0,0.0,0.0,1.0,0.0,0.0,0.0,0.0,31.0
Coffee & Tea,Iced Coffee with Sugar Free French Vanilla Syrup (Medium),200.0,0.0,5.0,110.0,41.0,1.0,39.0,10.0,10.0,0.0,30.0,0.0,0.0,0.0,0.0,0.0,1.0,0.0,0.0,0.0,0.0,30.0
Coffee & Tea,Iced Coffee with Sugar Free French Vanilla Syrup (Large),280.0,14.0,40.0,180.0,24.0,1.0,20.0,15.0,15.0,0.0,50.0,2.0,0.0,0.0,0.0,0.0,1.0,0.0,0.0,0.0,0.0,53.0
Coffee & Tea,Iced Mocha (Small),280.0,11.0,35.0,140.0,38.0,0.0,33.0,8.0,10.0,0.0,25.0,2.0,0.0,0.0,0.0,0.0,1.0,0.0,0.0,0.0,0.0,52.0
Coffee & Tea,Iced Mocha (Medium),280.0,3.5,15.0,180.0,50.0,1.0,46.0,12.0,15.0,0.0,40.0,6.0,0.0,0.0,0.0,0.0,1.0,0.0,0.0,0.0,0.0,51.0
Coffee & Tea,Iced Mocha (Large),240.0,9.0,35.0,80.0,41.0,0.0,39.0,2.0,6.0,0.0,8.0,0.0,0.0,0.0,0.0,0.0,1.0,0.0,0.0,0.0,0.0,38.0
Coffee & Tea,Iced Mocha with Nonfat Milk (Small),240.0,5.0,20.0,125.0,41.0,1.0,35.0,8.0,10.0,0.0,25.0,4.0,0.0,0.0,0.0,0.0,1.0,0.0,0.0,0.0,0.0,37.0
Coffee & Tea,Iced Mocha with Nonfat Milk (Medium),240.0,0.0,5.0,140.0,49.0,1.0,46.0,12.0,15.0,0.0,40.0,2.0,0.0,0.0,0.0,0.0,1.0,0.0,0.0,0.0,0.0,36.0
Coffee & Tea,Iced Mocha with Nonfat Milk (Large),230.0,5.0,20.0,140.0,38.0,0.0,33.0,8.0,10.0,0.0,25.0,2.0,0.0,0.0,0.0,0.0,1.0,0.0,0.0,0.0,0.0,35.0
Coffee & Tea,Iced Caramel Mocha (Small),220.0,0.5,10.0,240.0,38.0,2.0,21.0,16.0,15.0,0.0,50.0,2.0,0.0,0.0,0.0,0.0,1.0,0.0,0.0,0.0,0.0,34.0
Coffee & Tea,Iced Caramel Mocha (Medium),220.0,0.0,0.0,10.0,54.0,0.0,54.0,1.0,0.0,0.0,0.0,0.0,0.0,0.0,0.0,0.0,1.0,0.0,0.0,0.0,0.0,33.0
Coffee & Tea,Iced Caramel Mocha (Large),200.0,0.0,5.0,110.0,40.0,1.0,38.0,10.0,10.0,0.0,30.0,0.0,0.0,0.0,0.0,0.0,1.0,0.0,0.0,0.0,0.0,29.0
Coffee & Tea,Iced Nonfat Caramel Mocha (Small),190.0,7.0,25.0,50.0,31.0,0.0,30.0,1.0,4.0,0.0,4.0,0.0,0.0,0.0,0.0,0.0,1.0,0.0,0.0,0.0,0.0,28.0
Coffee & Tea,Iced Nonfat Caramel Mocha (Medium),190.0,0.0,5.0,115.0,39.0,1.0,37.0,10.0,10.0,0.0,30.0,0.0,0.0,0.0,0.0,0.0,1.0,0.0,0.0,0.0,0.0,27.0
Coffee & Tea,Iced Nonfat Caramel Mocha (Large),250.0,3.5,15.0,170.0,45.0,1.0,41.0,10.0,10.0,0.0,35.0,2.0,0.0,0.0,0.0,0.0,1.0,0.0,0.0,0.0,0.0,41.0
Coffee & Tea,Frappé Mocha (Small),250.0,0.0,5.0,135.0,51.0,1.0,48.0,12.0,15.0,0.0,40.0,0.0,0.0,0.0,0.0,0.0,1.0,0.0,0.0,0.0,0.0,40.0
Coffee & Tea,Frappé Mocha (Medium),250.0,0.0,5.0,135.0,51.0,1.0,48.0,12.0,15.0,0.0,40.0,0.0,0.0,0.0,0.0,0.0,1.0,0.0,0.0,0.0,0.0,39.0
Coffee & Tea,Frappé Mocha (Large),330.0,10.0,30.0,140.0,48.0,1.0,45.0,11.0,10.0,0.0,35.0,2.0,0.0,0.0,0.0,0.0,1.0,0.0,0.0,0.0,0.0,62.0
Coffee & Tea,Frappé Caramel (Small),330.0,3.5,15.0,190.0,60.0,2.0,53.0,13.0,15.0,0.0,40.0,6.0,0.0,0.0,0.0,0.0,1.0,0.0,0.0,0.0,0.0,61.0
Coffee & Tea,Frappé Caramel (Medium),320.0,11.0,35.0,170.0,45.0,1.0,40.0,10.0,10.0,0.0,30.0,2.0,0.0,0.0,0.0,0.0,1.0,0.0,0.0,0.0,0.0,60.0
Coffee & Tea,Frappé Caramel (Large),80.0,4.5,15.0,65.0,9.0,0.0,1.0,1.0,4.0,0.0,4.0,0.0,0.0,0.0,0.0,0.0,1.0,0.0,0.0,0.0,0.0,8.0
Coffee & Tea,Frappé Chocolate Chip (Small),0.0,0.0,0.0,0.0,0.0,0.0,0.0,0.0,0.0,0.0,0.0,0.0,0.0,0.0,0.0,0.0,1.0,0.0,0.0,0.0,0.0,7.0
Coffee & Tea,Frappé Chocolate Chip (Medium),0.0,0.0,0.0,0.0,0.0,0.0,0.0,0.0,0.0,0.0,0.0,0.0,0.0,0.0,0.0,0.0,1.0,0.0,0.0,0.0,0.0,6.0
Coffee & Tea,Frappé Chocolate Chip (Large),0.0,0.0,0.0,0.0,0.0,0.0,0.0,0.0,0.0,0.0,0.0,0.0,0.0,0.0,0.0,0.0,1.0,0.0,0.0,0.0,0.0,5.0
Smoothies & Shakes,Blueberry Pomegranate Smoothie (Small),220.0,0.5,5.0,40.0,50.0,3.0,44.0,2.0,0.0,2.0,6.0,2.0,0.0,0.0,0.0,0.0,0.0,0.0,0.0,1.0,0.0,3.0
Smoothies & Shakes,Blueberry Pomegranate Smoothie (Medium),210.0,0.5,5.0,50.0,47.0,3.0,44.0,3.0,0.0,30.0,8.0,2.0,0.0,0.0,0.0,0.0,0.0,0.0,0.0,1.0,0.0,2.0
Smoothies & Shakes,Blueberry Pomegranate Smoothie (Large),210.0,0.5,5.0,40.0,50.0,1.0,46.0,2.0,30.0,20.0,8.0,2.0,0.0,0.0,0.0,0.0,0.0,0.0,0.0,1.0,0.0,1.0
Smoothies & Shakes,Strawberry Banana Smoothie (Small),660.0,19.0,75.0,200.0,109.0,0.0,81.0,14.0,25.0,0.0,50.0,0.0,0.0,0.0,0.0,0.0,0.0,0.0,0.0,1.0,0.0,18.0
Smoothies & Shakes,Strawberry Banana Smoothie (Medium),650.0,23.0,50.0,180.0,96.0,1.0,89.0,13.0,15.0,0.0,45.0,8.0,0.0,0.0,0.0,0.0,0.0,0.0,0.0,1.0,0.0,17.0
Smoothies & Shakes,Strawberry Banana Smoothie (Large),560.0,16.0,60.0,240.0,91.0,1.0,77.0,12.0,20.0,0.0,40.0,8.0,0.0,0.0,0.0,0.0,0.0,0.0,0.0,1.0,0.0,16.0
Smoothies & Shakes,Mango Pineapple Smoothie (Small),340.0,1.0,5.0,65.0,79.0,5.0,70.0,4.0,0.0,4.0,10.0,2.0,0.0,0.0,0.0,0.0,0.0,0.0,0.0,1.0,0.0,9.0
Smoothies & Shakes,Mango Pineapple Smoothie (Medium),340.0,1.0,5.0,60.0,78.0,2.0,72.0,4.0,50.0,30.0,10.0,2.0,0.0,0.0,0.0,0.0,0.0,0.0,0.0,1.0,0.0,8.0
Smoothies & Shakes,Mango Pineapple Smoothie (Large),330.0,1.0,5.0,80.0,74.0,4.0,70.0,5.0,0.0,45.0,10.0,4.0,0.0,0.0,0.0,0.0,0.0,0.0,0.0,1.0,0.0,7.0
Smoothies & Shakes,Vanilla Shake (Small),700.0,20.0,75.0,300.0,114.0,2.0,97.0,15.0,25.0,0.0,50.0,10.0,0.0,0.0,0.0,0.0,0.0,0.0,0.0,1.0,0.0,22.0
Smoothies & Shakes,Vanilla Shake (Medium),690.0,23.0,55.0,380.0,106.0,1.0,85.0,15.0,20.0,0.0,50.0,10.0,0.0,0.0,0.0,0.0,0.0,0.0,0.0,1.0,0.0,21.0
Smoothies & Shakes,Vanilla Shake (Large),810.0,32.0,60.0,400.0,114.0,2.0,103.0,21.0,20.0,0.0,60.0,6.0,0.0,0.0,0.0,0.0,0.0,0.0,0.0,1.0,0.0,23.0
Smoothies & Shakes,Strawberry Shake (Small),820.0,23.0,90.0,260.0,135.0,0.0,115.0,18.0,30.0,0.0,60.0,0.0,0.0,0.0,0.0,0.0,0.0,0.0,0.0,1.0,0.0,25.0
Smoothies & Shakes,Strawberry Shake (Medium),820.0,23.0,90.0,260.0,135.0,0.0,101.0,18.0,30.0,0.0,60.0,0.0,0.0,0.0,0.0,0.0,0.0,0.0,0.0,1.0,0.0,24.0
Smoothies & Shakes,Strawberry Shake (Large),850.0,23.0,85.0,380.0,141.0,2.0,120.0,19.0,30.0,0.0,60.0,15.0,0.0,0.0,0.0,0.0,0.0,0.0,0.0,1.0,0.0,26.0
Smoothies & Shakes,Chocolate Shake (Small),850.0,24.0,90.0,260.0,140.0,0.0,123.0,18.0,30.0,0.0,70.0,0.0,0.0,0.0,0.0,0.0,0.0,0.0,0.0,1.0,0.0,27.0
Smoothies & Shakes,Chocolate Shake (Medium),930.0,33.0,75.0,260.0,139.0,2.0,128.0,20.0,25.0,0.0,70.0,10.0,0.0,0.0,0.0,0.0,0.0,0.0,0.0,1.0,0.0,28.0
Smoothies & Shakes,Chocolate Shake (Large),690.0,20.0,75.0,210.0,114.0,0.0,100.0,15.0,25.0,0.0,50.0,0.0,0.0,0.0,0.0,0.0,0.0,0.0,0.0,1.0,0.0,20.0
Smoothies & Shakes,Shamrock Shake (Medium),660.0,19.0,75.0,210.0,109.0,0.0,93.0,14.0,25.0,0.0,50.0,0.0,0.0,0.0,0.0,0.0,0.0,0.0,0.0,1.0,0.0,19.0
Smoothies & Shakes,Shamrock Shake (Large),260.0,1.0,5.0,50.0,62.0,4.0,54.0,3.0,0.0,4.0,8.0,2.0,0.0,0.0,0.0,0.0,0.0,0.0,0.0,1.0,0.0,6.0
Smoothies & Shakes,McFlurry with M&M’s Candies (Small),260.0,1.0,5.0,45.0,61.0,1.0,56.0,3.0,40.0,25.0,8.0,2.0,0.0,0.0,0.0,0.0,0.0,0.0,0.0,1.0,0.0,5.0
Smoothies & Shakes,McFlurry with M&M’s Candies (Medium),250.0,1.0,5.0,60.0,58.0,3.0,54.0,4.0,0.0,35.0,8.0,4.0,0.0,0.0,0.0,0.0,0.0,0.0,0.0,1.0,0.0,4.0
Smoothies & Shakes,McFlurry with M&M’s Candies (Snack),550.0,16.0,60.0,160.0,90.0,0.0,79.0,12.0,20.0,0.0,40.0,0.0,0.0,0.0,0.0,0.0,0.0,0.0,0.0,1.0,0.0,15.0
Smoothies & Shakes,McFlurry with Oreo Cookies (Small),530.0,15.0,60.0,160.0,86.0,0.0,63.0,11.0,20.0,0.0,40.0,0.0,0.0,0.0,0.0,0.0,0.0,0.0,0.0,1.0,0.0,14.0
Smoothies & Shakes,McFlurry with Oreo Cookies (Medium),510.0,17.0,45.0,280.0,80.0,1.0,64.0,12.0,15.0,0.0,40.0,8.0,0.0,0.0,0.0,0.0,0.0,0.0,0.0,1.0,0.0,13.0
Smoothies & Shakes,McFlurry with Oreo Cookies (Snack),430.0,15.0,35.0,120.0,64.0,1.0,59.0,9.0,10.0,0.0,30.0,4.0,0.0,0.0,0.0,0.0,0.0,0.0,0.0,1.0,0.0,12.0
Smoothies & Shakes,McFlurry with Reese's Peanut Butter Cups (Medium),410.0,16.0,30.0,200.0,57.0,1.0,51.0,10.0,10.0,0.0,30.0,4.0,0.0,0.0,0.0,0.0,0.0,0.0,0.0,1.0,0.0,11.0
Smoothies & Shakes,McFlurry with Reese's Peanut Butter Cups (Snack),340.0,11.0,30.0,190.0,53.0,1.0,43.0,8.0,10.0,0.0,25.0,6.0,0.0,0.0,0.0,0.0,0.0,0.0,0.0,1.0,0.0,10.0
